RewriteEngine on
DirectorySlash off

RewriteRule ^(.+)/page/1/?$ /$1 [R=301,L]

RewriteCond %{REQUEST_FILENAME} !-d
RewriteCond %{REQUEST_URI} (.+)/$
RewriteRule ^ %1 [R=301,L]

RewriteCond %{HTTP_HOST} ^www.gwriters.de [NC]
RewriteRule ^(.*)$ https://gwriters.de/$1 [L,R=301]

RewriteCond %{HTTP_HOST} ^www.gwriters.ch [NC]
RewriteRule ^(.*)$ https://gwriters.ch/$1 [L,R=301]

RewriteCond %{REQUEST_FILENAME} -d
RewriteRule !/$ %{REQUEST_URI}/index.html [L]

ErrorDocument 404 /error-404/index.html
ErrorDocument 403 /error-404/index.html

RewriteCond %{HTTP_HOST} ^statamic.gwriters.ch$ [OR]
RewriteCond %{HTTP_HOST} ^www.gwriters.ch$ [OR]
RewriteCond %{HTTP_HOST} ^gwriters.ch$
RewriteRule ^sitemap.xml$  /sitemap_ch.xml [L]

RewriteCond %{HTTP_HOST} ^statamic.gwriters.ch$ [OR]
RewriteCond %{HTTP_HOST} ^www.gwriters.ch$ [OR]
RewriteCond %{HTTP_HOST} ^gwriters.ch$
RewriteRule ^robots.txt$  /robots_ch.txt [L]

RewriteCond %{HTTP_HOST} ^statamic.gwriters.de$ [OR]
RewriteCond %{HTTP_HOST} ^www.gwriters.de$ [OR]
RewriteCond %{HTTP_HOST} ^gwriters.de$
RewriteRule ^sitemap.xml$  /sitemap_de.xml [L]

RewriteCond %{HTTP_HOST} ^statamic.gwriters.de$ [OR]
RewriteCond %{HTTP_HOST} ^www.gwriters.de$ [OR]
RewriteCond %{HTTP_HOST} ^gwriters.de$
RewriteRule ^robots.txt$  /robots_de.txt [L]

Redirect 301 /Seminararbeit-beispiel-blockchain /hausarbeit-beispiel-embryonenforschung
Redirect 301 /abgesendet-new /anfrage-abgesendet-adag
Redirect 301 /aff-request /anfrage
Redirect 301 /anfrage-mobile1 /anfrage-mobile
Redirect 301 /anfrage-sm /anfrage
Redirect 301 /arbeiten/bachelorarbeit /arbeiten/bachelorarbeit-schreiben-lassen
Redirect 301 /arbeiten/hausarbeit /arbeiten/hausarbeit-schreiben-lassen
Redirect 301 /arbeiten/masterarbeit /arbeiten/masterarbeit-schreiben-lassen
Redirect 301 /arbeiten/seminararbeit /arbeiten/seminararbeit-schreiben-lassen
Redirect 301 /auswirkung-der-digitalisierung-auf-die-wertschöpfungskette-deckblatt-1 /ghostwriting-beispielarbeiten/seminararbeit-beispiel
Redirect 301 /blog/bachelorarbeit-schreiben-lassen-kosten /arbeiten/bachelorarbeit
Redirect 301 /blog/bachelorarbeit-schreiben-tipps /arbeiten/bachelorarbeit
Redirect 301 /blog/bachelorarbeit-thema /bachelorarbeit-thema
Redirect 301 /blog/bachelorarbeit-thema-finden /bachelorarbeit-thema
Redirect 301 /blog/doktorarbeit-kaufen /arbeiten/doktorarbeit
Redirect 301 /blog/empirische-analyse /blog/empirische-theoretische-bachelorarbeit
Redirect 301 /blog/erste-juristische-prüfung /blog/erste-juristische-pruefung
Redirect 301 /blog/exposee-erstellen /arbeiten/expose
Redirect 301 /blog/exposee-schreiben /arbeiten/expose
Redirect 301 /blog/fragen-ghostwriter-gwriters /blog/fragen-akademischer-ghostwriter-gwriters
Redirect 301 /blog/ghostwriter-erfahrungen /achtung-ghostwriter-betrug
Redirect 301 /blog/ghostwriter-jobs-als-copywriter-webtexte-und-blogbeitraege-schreiben /blog/ghostwriter-jobs-copywriter-webtexte-blogbeitraege-schreiben
Redirect 301 /blog/ghostwriter-ratschlaege /blog/ghostwriter-tipps
Redirect 301 /blog/ghostwriting-ratschlaege /leistungen/ghostwriting
Redirect 301 /blog/hausarbeit-kaufen /arbeiten/hausarbeit-schreiben-lassen
Redirect 301 /blog/igor-lorenz /blog/milena-fischer
Redirect 301 /blog/jura-hausarbeit-seminararbeit-schreiben /fachrichtungen/jura
Redirect 301 /blog/online-befragung-teilnehmer-finden /blog/umfrage-teilnehmer-finden
Redirect 301 /blog/seminararbeit+schreiben /blog/erste-seminararbeit-schreiben
Redirect 301 /blog/seminararbeit-schreiben /blog/erste-seminararbeit-schreiben
Redirect 301 /blog/tabellenverzeichnis-word /gwriters-akademie/tabellenverzeichnis-beispiel
Redirect 301 /blog/theoretische-bachelorarbeit /blog/empirische-theoretische-bachelorarbeit
Redirect 301 /blog/übersetzung-einer-wissenschaftlichen-arbeit /blog/uebersetzung-einer-wissenschaftlichen-arbeit
Redirect 301 /businessplan-erstellen-lassen /blog/businessplan-erstellen-lassen
Redirect 301 /category/akademisches-ghostwriting-gwakademie /gwriters-akademie/akademisches-ghostwriting
Redirect 301 /category/ghostwriter-und-agenturen-gwakademie /gwriters-akademie/ghostwriter-und-agenturen
Redirect 301 /category/wissenschaftliches-arbeiten-anfeanger-gwakademie /gwriters-akademie/wissenschaftliches-arbeiten-anfeanger
Redirect 301 /category/wissenschaftliches-arbeiten-fortgeschrittene-gwakademie /gwriters-akademie/wissenschaftliches-arbeiten-fortgeschrittene
Redirect 301 /category/zahnmedizin /fachrichtungen/zahnmedizin
Redirect 301 /comments/feed /
Redirect 301 /express-ghostwriting-im-notfall /blog/express-ghostwriting-im-notfall
Redirect 301 /feed /
Redirect 301 /formatierung /leistungen/formatierung
Redirect 301 /ghostwriter-preise /preise

Redirect 301 /gwriters-bibliotek-2-2-2-2-2 /gwriters-akademie

Redirect 301 /startseite-2-3-2-2 /preise-2
Redirect 301 /startseite-2-3-2/projekte /projekte
Redirect 301 /studenten-columbia-universitaet-aufstand /fachrichtungen/informatik
Redirect 301 /themenauswahltool /bachelorarbeit-thema
Redirect 301 /verschiedenes/promotionsberatung /promotionsberatung
Redirect 301 /video-ghostwriter-werden-aber-wie /blog/video-ghostwriter-werden-aber-wie
Redirect 301 /video/qualitative-inhaltsanalyse-mayring /blog/qualitative-inhaltsanalyse-mayring-beispiele
Redirect 301 /wiki/diplom-kaufen /arbeiten/diplomarbeit
Redirect 301 /wiki/verschiedenes /wiki
Redirect 301 /2013-09-10-ksta-turbo-master-in-vier-semestern /presse/2013-09-10-ksta-turbo-master-in-vier-semestern
Redirect 301 /presse/2015-12-03/business-punk-ein-ghostwriter-stellt-sich-vor /presse/2015-12-03-business-punk-ein-ghostwriter-stellt-sich-vor
Redirect 301 /ghostwriting/ghostwriter-gesucht /ghostwriting/suche-ghostwriter
Redirect 301 /fachrichtungen/mathematik/aegyptische-papyri /fachrichtungen/mathematik

Redirect 301 /verschiedenes/diplom-kaufen /wiki/diplom-kaufen

Redirect 301 /leistungen/ghostwriting /ghostwriting
Redirect 301 /leistungen/lektorat /lektorat
Redirect 301 /leistungen/korrektorat /korrektorat
Redirect 301 /wissenschaftliche-arbeiten-schreiben-word /blog/wissenschaftliche-arbeiten-schreiben-word

#12786
Redirect 410 /blog/doktorarbeit-erfolgreich
Redirect 410 /blog/ghostwriter-tipps
Redirect 410 /blog/akademische-ghostwriter-textteile-schreiben
Redirect 410 /wayback
Redirect 410 /404
Redirect 410 /404/index.html

Redirect 301 /blog/akademische-ghostwriter-gwriters /
Redirect 301 /blog/doktorarbeit-schreiben /arbeiten/doktorarbeit
Redirect 301 /blog/masterarbeit-ghostwriter-hintergrund /arbeiten/masterarbeit-schreiben-lassen
Redirect 301 /blog/abstract-schreiben /blog/bachelorarbeit-abstract-schreiben
Redirect 301 /blog/ghostwriter-werden-aber-wie /blog/ghostwriter-werden-voraussetzungen
Redirect 301 /blog/formatierung-wissenschaftlicher-arbeiten-studenten /blog/word-formatierung
Redirect 301 /blog/fachbereiche-gwriters /fachrichtungen
Redirect 301 /blog/ghostwriter-gwriters-kommunikation /fachrichtungen/kommunikationswissenschaften
Redirect 301 /blog/fuenf-schluesselkompetenzen-ghostwriter-finden /ghostwriter-gesucht
Redirect 301 /blog/akademisches-ghostwriting-alternativen /ghostwriting
Redirect 301 /blog/nicht-akademisches-ghostwriting /ghostwriting
Redirect 301 /blog/akademisches-ghostwriting-grenzen /ghostwriting
Redirect 301 /blog/ghostwriter-hilfe /ghostwriting
Redirect 301 /blog/wissenschaftliches-ghostwriting-vs-business-ghostwriting /ghostwriting
Redirect 301 /blog/ghostwriter-agentur-rolle /ghostwriting/ghostwriting-agentur
Redirect 301 /blog/ghostwriting-agenturen-studenten-ghostwriter /ghostwriting/ghostwriting-agentur
Redirect 301 /blog/plagiatspruefung-masterarbeit /leistungen/plagiatspruefung
Redirect 301 /blog/gwriters-plagiat /leistungen/plagiatspruefung
Redirect 301 /blog-word-formatierung /blog/word-formatierung
Redirect 301 /blog/bachelorarbeit-korrektur-lesen /korrektorat/korrekturlesen
Redirect 301 /blog/doktorarbeit-schreiben-lassen-ablauf-gwriters /arbeiten/doktorarbeit
Redirect 301 /blog/doktorarbeit-schreiben-ablauf /blog/dissertation-schreiben-motivationstipps
Redirect 301 /blog/akademischer-ghostwriter-werden /blog/ghostwriter-werden-voraussetzungen
Redirect 301 /blog/ghostwriter-werden-karriere /blog/ghostwriter-werden-voraussetzungen
Redirect 301 /blog/gebote-wissenschaflicher-arbeiten /blog/wissenschaftliche-arbeiten
Redirect 301 /blog/informatik-studiengang /fachrichtungen/informatik
Redirect 301 /blog/zahnmedizin-ghostwriter /fachrichtungen/zahnmedizin
Redirect 301 /blog/gwriters-akademische-ghostwriter-ethik /ghostwriter
Redirect 301 /blog/akademische-ghostwriter-vorteile /ghostwriter-job
Redirect 301 /blog/korrektur-lesen /korrektorat/korrekturlesen
Redirect 301 /blog/lektorat /lektorat
Redirect 301 /blog/wissenschaftliches-lektorat /lektorat
Redirect 301 /blog/promotionsberater-ghostwriter /promotionsberatung
Redirect 301 /blog/akademische-ghostwriter-gwriters-angebot /so-funktioniert-es
Redirect 301 /arbeiten/expose /expose
